order_number,customer_key,product_key,customer_id,product_id
SO43793,1,,11000,
SO43767,2,,11001,
SO43736,3,,11002,
SO43701,4,,11003,
SO43810,5,,11004,
SO43704,6,,11005,
SO43819,7,,11006,
SO43743,8,,11007,
SO43826,9,,11008,
SO43837,10,,11009,
SO43765,11,,11010,
SO43705,12,,11011,
SO43757,18,,11017,
SO43778,19,,11018,
SO43732,26,,11025,
SO43811,27,,11026,
SO43775,28,,11027,
SO43831,29,,11028,
SO43794,30,,11029,
SO43956,31,,11030,
SO43933,32,,11031,
SO44021,33,,11032,
SO43998,34,,11033,
SO43934,35,,11034,
SO43959,36,,11035,
SO43965,39,,11038,
SO43966,40,,11039,
SO44073,45,,11044,
SO43960,47,,11046,
SO43948,48,,11047,
SO43980,49,,11048,
SO44029,51,,11050,
SO44012,53,,11052,
SO43944,55,,11054,
SO43926,56,,11055,
SO44058,57,,11056,
SO44040,58,,11057,
SO44180,59,,11058,
SO44220,61,,11060,
SO44190,62,,11061,
SO44416,70,,11069,
SO44467,71,,11070,
SO44323,73,,11072,
SO44468,76,,11075,
SO44437,77,,11076,
SO44407,78,,11077,
SO44379,81,,11080,
SO45389,91,,11090,
SO44364,93,,11092,
SO44355,94,,11093,
SO44325,96,,11095,
SO44387,97,,11096,
SO44337,98,,11097,
SO44356,100,,11099,
SO44412,101,,11100,
SO44475,102,,11101,
SO44408,104,,11103,
SO44589,105,,11104,
SO44655,106,,11105,
SO44679,107,,11106,
SO44574,108,,11107,
SO44581,109,,11108,
SO44627,110,,11109,
SO44575,111,,11110,
SO44690,112,,11111,
SO44712,113,,11112,
SO44601,118,,11117,
SO44657,121,,11120,
SO44595,125,,11124,
SO44728,127,,11126,
SO45382,130,,11129,
SO44582,135,,11134,
SO44650,148,,11147,
SO44662,152,,11151,
SO45463,172,,11171,
SO45512,176,,11175,
SO45500,190,,11189,
SO45413,192,,11191,
SO45441,217,,11216,
SO45404,218,,11217,
SO45387,225,,11224,
SO45359,228,,11227,
SO45631,238,,11237,
SO43729,239,,11238,
SO43788,240,,11239,
SO44063,241,,11240,
SO44032,244,,11243,
SO43988,245,,11244,
SO45765,246,,11245,
SO45840,247,,11246,
SO44016,248,,11247,
SO45872,250,,11249,
SO44206,251,,11250,
SO45434,253,,11252,
SO45485,258,,11257,
SO45626,260,,11259,
SO45774,262,,11261,
SO45581,264,,11263,
SO45657,267,,11266,
SO45706,268,,11267,
SO45658,271,,11270,
SO45771,272,,11271,
SO45718,273,,11272,
SO45583,275,,11274,
SO45588,276,,11275,
SO45700,279,,11278,
SO45678,282,,11281,
SO45594,283,,11282,
SO45731,287,,11286,
SO45646,290,,11289,
SO45723,291,,11290,
SO45624,292,,11291,
SO45695,293,,11292,
SO45759,296,,11295,
SO45603,297,,11296,
SO45766,298,,11297,
SO45668,299,,11298,
SO45767,300,,11299,
SO45636,303,,11302,
SO45610,304,,11303,
SO45625,308,,11307,
SO45604,318,,11317,
SO45649,320,,11319,
SO45655,324,,11323,
SO45768,325,,11324,
SO45717,326,,11325,
SO45696,327,,11326,
SO45769,328,,11327,
SO45760,330,,11329,
SO45917,333,,11332,
SO44228,334,,11333,
SO44152,335,,11334,
SO45971,336,,11335,
SO44177,338,,11337,
SO45890,339,,11338,
SO44382,342,,11341,
SO44333,344,,11343,
SO44645,345,,11344,
SO44889,352,,11351,
SO44899,354,,11353,
SO44628,357,,11356,
SO44946,358,,11357,
SO45021,359,,11358,
SO44904,360,,11359,
SO45015,361,,11360,
SO44871,364,,11363,
SO44864,365,,11364,
SO44807,366,,11365,
SO44993,369,,11368,
SO44865,373,,11372,
SO45891,381,,11380,
SO44890,382,,11381,
SO45229,388,,11387,
SO45087,389,,11388,
SO45095,395,,11394,
SO46229,396,,11395,
SO45088,399,,11398,
SO45159,401,,11400,
SO46160,413,,11412,
SO45402,414,,11413,
SO45428,415,,11414,
SO46146,422,,11421,
SO45467,423,,11422,
SO46463,424,,11423,
SO46537,428,,11427,
SO46429,429,,11428,
SO46542,432,,11431,
SO44866,444,,11443,
SO44815,445,,11444,
SO44847,446,,11445,
SO44947,447,,11446,
SO45022,448,,11447,
SO44927,449,,11448,
SO44956,450,,11449,
SO45030,451,,11450,
SO45248,452,,11451,
SO45138,453,,11452,
SO45164,454,,11453,
SO45264,455,,11454,
SO45082,456,,11455,
SO45178,457,,11456,
SO45179,458,,11457,
SO45238,460,,11459,
SO45204,461,,11460,
SO45265,462,,11461,
SO45170,463,,11462,
SO45213,465,,11464,
SO45156,466,,11465,
SO45394,469,,11468,
SO45233,473,,11472,
SO45645,483,,11482,
SO45684,486,,11485,
SO46010,489,,11488,
SO46011,490,,11489,
SO46176,492,,11491,
SO46230,494,,11493,
SO46564,495,,11494,
SO46395,497,,11496,
SO45595,516,,11515,
SO45697,517,,11516,
SO45613,523,,11522,
SO45637,526,,11525,
SO45669,529,,11528,
SO45754,530,,11529,
SO45587,532,,11531,
SO45714,535,,11534,
SO45611,536,,11535,
SO45755,537,,11536,
SO45732,538,,11537,
SO45701,539,,11538,
SO45747,540,,11539,
SO45679,541,,11540,
SO45670,542,,11541,
SO46410,549,,11548,
SO46543,550,,11549,
SO43750,592,,11591,
SO43751,593,,11592,
SO43802,594,,11593,
SO43780,600,,11599,
SO43785,602,,11601,
SO43738,607,,11606,
SO43786,608,,11607,
SO43807,612,,11611,
SO45656,618,,11617,
SO45642,624,,11623,
SO45733,625,,11624,
SO45756,626,,11625,
SO45605,627,,11626,
SO45671,629,,11628,
SO45761,630,,11629,
SO45734,631,,11630,
SO45938,655,,11654,
SO46018,664,,11663,
SO46004,665,,11664,
SO45901,666,,11665,
SO45934,667,,11666,
SO45960,672,,11671,
SO45988,676,,11675,
SO45884,679,,11678,
SO45851,684,,11683,
SO45835,689,,11688,
SO45984,691,,11690,
SO45824,697,,11696,
SO46013,706,,11705,
SO45880,708,,11707,
SO45985,709,,11708,
SO45895,728,,11727,
SO45918,742,,11741,
SO45842,743,,11742,
SO45986,744,,11743,
SO45882,746,,11745,
SO45157,751,,11750,
SO45120,752,,11751,
SO45171,755,,11754,
SO45244,757,,11756,
SO45129,760,,11759,
SO45376,762,,11761,
SO45392,763,,11762,
SO45653,765,,11764,
SO45676,766,,11765,
SO45721,767,,11766,
SO45712,768,,11767,
SO45621,769,,11768,
SO45867,773,,11772,
SO45973,774,,11773,
SO45994,775,,11774,
SO45843,776,,11775,
SO45850,777,,11776,
SO45910,778,,11777,
SO46000,779,,11778,
SO45933,780,,11779,
SO45919,781,,11780,
SO45927,797,,11796,
SO45911,798,,11797,
SO45921,799,,11798,
SO45883,800,,11799,
SO45957,810,,11809,
SO45954,811,,11810,
SO45923,812,,11811,
SO45844,813,,11812,
SO45928,814,,11813,
SO45833,816,,11815,
SO45834,817,,11816,
SO45899,818,,11817,
SO45958,819,,11818,
SO45929,826,,11825,
SO46002,827,,11826,
SO45816,831,,11830,
SO46003,832,,11831,
SO45968,835,,11834,
SO45900,838,,11837,
SO45996,840,,11839,
SO45987,855,,11854,
SO45959,873,,11872,
SO45863,874,,11873,
SO46016,886,,11885,
SO46017,887,,11886,
SO45629,893,,11892,
SO45601,894,,11893,
SO45744,895,,11894,
SO45677,896,,11895,
SO45608,897,,11896,
SO45592,898,,11897,
SO45691,899,,11898,
SO45630,900,,11899,
SO45738,901,,11900,
SO45663,902,,11901,
SO45739,904,,11903,
SO45707,905,,11904,
SO45585,906,,11905,
SO45662,907,,11906,
SO45777,908,,11907,
SO45722,909,,11908,
SO45727,910,,11909,
SO45877,911,,11910,
SO46008,913,,11912,
SO45946,915,,11914,
SO45839,916,,11915,
SO45832,917,,11916,
SO46009,918,,11917,
SO45908,919,,11918,
SO45857,920,,11919,
SO45889,921,,11920,
SO45993,925,,11924,
SO45873,926,,11925,
SO45914,930,,11929,
SO45915,931,,11930,
SO45897,934,,11933,
SO46265,935,,11934,
SO46111,938,,11937,
SO46194,940,,11939,
SO45925,943,,11942,
SO45947,944,,11943,
SO45951,945,,11944,
SO46112,946,,11945,
SO45966,947,,11946,
SO45909,948,,11947,
SO45858,953,,11952,
SO46131,955,,11954,
SO46113,956,,11955,
SO46125,957,,11956,
SO45970,964,,11963,
SO45916,965,,11964,
SO45978,968,,11967,
SO46022,969,,11968,
SO45952,970,,11969,
SO45991,977,,11976,
SO46139,978,,11977,
SO46179,984,,11983,
SO46294,987,,11986,
SO46204,989,,11988,
SO46154,990,,11989,
SO46227,991,,11990,
SO46140,992,,11991,
SO46257,993,,11992,
SO46228,994,,11993,
SO46309,995,,11994,
SO46182,996,,11995,
SO46159,997,,11996,
SO46167,998,,11997,
SO46251,999,,11998,
SO46203,1000,,11999,
SO46249,1001,,12000,
SO46236,1002,,12001,
SO46304,1003,,12002,
SO46175,1004,,12003,
SO46181,1005,,12004,
SO46285,1006,,12005,
SO46449,1008,,12007,
SO46477,1010,,12009,
SO46555,1011,,12010,
SO46408,1012,,12011,
SO46462,1014,,12013,
SO46456,1015,,12014,
SO46231,1017,,12016,
SO46108,1019,,12018,
SO46419,1022,,12021,
SO46120,1024,,12023,
SO46259,1026,,12025,
SO46287,1027,,12026,
SO46195,1028,,12027,
SO46172,1031,,12030,
SO46297,1034,,12033,
SO46596,1038,,12037,
SO46597,1040,,12039,
SO46186,1042,,12041,
SO46163,1043,,12042,
SO46213,1051,,12050,
SO46148,1053,,12052,
SO46114,1054,,12053,
SO46232,1059,,12058,
SO46288,1060,,12059,
SO46121,1070,,12069,
SO46298,1072,,12071,
SO46214,1073,,12072,
SO46289,1076,,12075,
SO46155,1077,,12076,
SO46313,1079,,12078,
SO46164,1080,,12079,
SO46253,1083,,12082,
SO46302,1084,,12083,
SO46180,1085,,12084,
SO46169,1095,,12094,
SO46254,1097,,12096,
SO46177,1103,,12102,
SO46319,1104,,12103,
SO46115,1105,,12104,
SO46133,1106,,12105,
SO46260,1109,,12108,
SO46196,1110,,12109,
SO46234,1111,,12110,
SO46314,1113,,12112,
SO46272,1117,,12116,
SO46156,1119,,12118,
SO46149,1121,,12120,
SO46280,1122,,12121,
SO43919,1125,,12124,
SO44030,1132,,12131,
SO43924,1133,,12132,
SO46165,1142,,12141,
SO46315,1143,,12142,
SO46246,1144,,12143,
SO46235,1152,,12151,
SO46123,1153,,12152,
SO46312,1154,,12153,
SO46279,1156,,12155,
SO46170,1157,,12156,
SO46258,1161,,12160,
SO46205,1163,,12162,
SO46162,1164,,12163,
SO46306,1165,,12164,
SO46109,1168,,12167,
SO46110,1170,,12169,
SO46296,1171,,12170,
SO46130,1172,,12171,
SO46271,1173,,12172,
SO46212,1174,,12173,
SO46438,1175,,12174,
SO46578,1179,,12178,
SO46499,1180,,12179,
SO46467,1181,,12180,
SO46416,1182,,12181,
SO46558,1185,,12184,
SO46579,1187,,12186,
SO46580,1188,,12187,
SO46581,1189,,12188,
SO46490,1190,,12189,
SO46459,1191,,12190,
SO46492,1199,,12198,
SO46539,1201,,12200,
SO46599,1207,,12206,
SO46582,1208,,12207,
SO46500,1209,,12208,
SO46512,1210,,12209,
SO44168,1212,,12211,
SO44257,1213,,12212,
SO44239,1218,,12217,
SO44246,1220,,12219,
SO44176,1221,,12220,
SO44140,1222,,12221,
SO46603,1241,,12240,
SO46505,1242,,12241,
SO46506,1243,,12242,
SO46574,1244,,12243,
SO46482,1246,,12245,
SO46444,1247,,12246,
SO46472,1249,,12248,
SO46448,1251,,12250,
SO46435,1252,,12251,
SO46584,1253,,12252,
SO46526,1254,,12253,
SO44201,1255,,12254,
SO44226,1256,,12255,
SO44272,1257,,12256,
SO44440,1262,,12261,
SO44447,1266,,12265,
SO44324,1268,,12267,
SO44644,1280,,12279,
SO44643,1281,,12280,
SO44734,1286,,12285,
SO44597,1291,,12290,
SO44680,1297,,12296,
SO44703,1301,,12300,
SO44623,1302,,12301,
SO44729,1308,,12307,
SO44826,1309,,12308,
SO44816,1322,,12321,
SO44987,1324,,12323,
SO44901,1333,,12332,
SO44935,1334,,12333,
SO46436,1338,,12337,
SO46575,1339,,12338,
SO46423,1363,,12362,
SO46586,1365,,12364,
SO45006,1374,,12373,
SO44803,1384,,12383,
SO44948,1396,,12395,
SO44929,1399,,12398,
SO46548,1419,,12418,
SO46531,1424,,12423,
SO46424,1436,,12435,
SO46484,1438,,12437,
SO46460,1439,,12438,
SO46390,1441,,12440,
SO46417,1442,,12441,
SO46396,1443,,12442,
SO46450,1447,,12446,
SO46587,1449,,12448,
SO46569,1451,,12450,
SO46549,1453,,12452,
SO45214,1465,,12464,
SO45139,1469,,12468,
SO45206,1475,,12474,
SO45126,1481,,12480,
SO45096,1484,,12483,
SO45140,1486,,12485,
SO45078,1495,,12494,
SO45508,1511,,12510,
SO45351,1521,,12520,
SO45482,1523,,12522,
SO45511,1524,,12523,
SO45433,1548,,12547,
SO45453,1550,,12549,
SO45757,1562,,12561,
SO45602,1608,,12607,
SO45586,1614,,12613,
SO45726,1615,,12614,
SO45618,1619,,12618,
SO45724,1621,,12620,
SO45762,1622,,12621,
SO45989,1632,,12631,
SO45896,1633,,12632,
SO45861,1651,,12650,
SO45885,1656,,12655,
SO46567,1708,,12707,
SO46451,1710,,12709,
SO45990,1712,,12711,
SO45961,1718,,12717,
SO46005,1750,,12749,
SO45878,1751,,12750,
SO45859,1755,,12754,
SO46485,1756,,12755,
SO46523,1757,,12756,
SO46568,1762,,12761,
SO46559,1763,,12762,
SO46503,1765,,12764,
SO46544,1767,,12766,
SO46479,1769,,12768,
SO46565,1770,,12769,
SO46521,1771,,12770,
SO46458,1772,,12771,
SO46445,1773,,12772,
SO46591,1774,,12773,
SO46538,1775,,12774,
SO46446,1778,,12777,
SO46406,1780,,12779,
SO46546,1781,,12780,
SO46529,1785,,12784,
SO46566,1790,,12789,
SO45841,1805,,12804,
SO45981,1806,,12805,
SO46301,1818,,12817,
SO46161,1820,,12819,
SO46218,1821,,12820,
SO46192,1831,,12830,
SO46263,1835,,12834,
SO46311,1842,,12841,
SO46237,1844,,12843,
SO46209,1850,,12849,
SO46210,1867,,12866,
SO46498,1882,,12881,
SO46522,1883,,12882,
SO46483,1884,,12883,
SO46422,1885,,12884,
SO46464,1886,,12885,
SO46509,1887,,12886,
SO46465,1899,,12898,
SO46431,1902,,12901,
SO46557,1905,,12904,
SO46593,1913,,12912,
SO46577,1914,,12913,
SO46466,1916,,12915,
SO46547,1918,,12917,
SO46723,1919,,12918,
SO46890,1922,,12921,
SO46877,1927,,12926,
SO46688,1930,,12929,
SO46856,1936,,12935,
SO46811,1942,,12941,
SO46906,1951,,12950,
SO46866,1982,,12981,
SO46791,2017,,13016,
SO46800,2020,,13019,
SO46689,2033,,13032,
SO46690,2040,,13039,
SO46745,2057,,13056,
SO46746,2058,,13057,
SO46840,2059,,13058,
SO46704,2060,,13059,
SO46762,2064,,13063,
SO46831,2067,,13066,
SO46858,2068,,13067,
SO46705,2086,,13085,
SO46892,2087,,13086,
SO46907,2088,,13087,
SO46922,2089,,13088,
SO46714,2094,,13093,
SO46691,2143,,13142,
SO46923,2177,,13176,
SO46868,2190,,13189,
SO46859,2206,,13205,
SO46692,2209,,13208,
SO46850,2222,,13221,
SO46816,2231,,13230,
SO47068,2247,,13246,
SO43759,2258,,13257,
SO43725,2259,,13258,
SO43808,2260,,13259,
SO43776,2261,,13260,
SO43737,2262,,13261,
SO46226,2264,,13263,
SO43720,2265,,13264,
SO43752,2266,,13265,
SO47088,2275,,13274,
SO47180,2288,,13287,
SO47319,2300,,13299,
SO47226,2315,,13314,
SO47181,2330,,13329,
SO47316,2362,,13361,
SO47103,2370,,13369,
SO47093,2381,,13380,
SO47340,2402,,13401,
SO47284,2403,,13402,
SO46138,2406,,13405,
SO43841,2407,,13406,
SO47273,2421,,13420,
SO47102,2425,,13424,
SO47299,2426,,13425,
SO47573,2436,,13435,
SO47948,2451,,13450,
SO47732,2453,,13452,
SO47832,2479,,13478,
SO48166,2485,,13484,
SO48109,2490,,13489,
SO46244,2505,,13504,
SO46420,2512,,13511,
SO43712,2514,,13513,
SO44011,2515,,13514,
SO43985,2516,,13515,
SO46570,2537,,13536,
SO46392,2538,,13537,
SO44049,2539,,13538,
SO43975,2541,,13540,
SO44068,2542,,13541,
SO44054,2543,,13542,
SO44055,2544,,13543,
SO43984,2546,,13545,
SO43922,2547,,13546,
SO43931,2549,,13548,
SO46572,2553,,13552,
SO46573,2556,,13555,
SO46536,2557,,13556,
SO46497,2559,,13558,
SO44056,2560,,13559,
SO44216,2561,,13560,
SO43739,2564,,13563,
SO46430,2565,,13564,
SO46884,2566,,13565,
SO44158,2568,,13567,
SO44192,2571,,13570,
SO44141,2573,,13572,
SO43742,2577,,13576,
SO44258,2580,,13579,
SO44240,2581,,13580,
SO43722,2582,,13581,
SO43801,2584,,13583,
SO43832,2585,,13584,
SO43804,2586,,13585,
SO43721,2591,,13590,
SO43714,2592,,13591,
SO46711,2593,,13592,
SO43941,2601,,13600,
SO43954,2603,,13602,
SO46870,2606,,13605,
SO44413,2607,,13606,
SO44421,2608,,13607,
SO48094,2658,,13657,
SO48172,2659,,13658,
SO43955,2662,,13661,
SO44402,2667,,13666,
SO44042,2679,,13678,
SO44043,2680,,13679,
SO44010,2681,,13680,
SO44472,2686,,13685,
SO44361,2687,,13686,
SO43974,2688,,13687,
SO44031,2690,,13689,
SO44044,2691,,13690,
SO44051,2692,,13691,
SO44015,2694,,13693,
SO44444,2698,,13697,
SO48181,2706,,13705,
SO48266,2714,,13713,
SO48162,2715,,13714,
SO48553,2717,,13716,
SO48414,2719,,13718,
SO48646,2723,,13722,
SO48685,2729,,13728,
SO48676,2730,,13729,
SO49013,2746,,13745,
SO48880,2747,,13746,
SO44138,2766,,13765,
SO44373,2768,,13767,
SO44426,2771,,13770,
SO44622,2772,,13771,
SO44161,2773,,13772,
SO44722,2775,,13774,
SO44252,2778,,13777,
SO44611,2779,,13778,
SO44580,2783,,13782,
SO44210,2784,,13783,
SO44173,2785,,13784,
SO44619,2790,,13789,
SO44673,2791,,13790,
SO44139,2793,,13792,
SO44270,2795,,13794,
SO44590,2796,,13795,
SO46871,2801,,13800,
SO47155,2802,,13801,
SO45023,2808,,13807,
SO44837,2809,,13808,
SO47175,2813,,13812,
SO44268,2821,,13820,
SO44134,2822,,13821,
SO44905,2823,,13822,
SO47221,2824,,13823,
SO44902,2830,,13829,
SO44808,2837,,13836,
SO47108,2840,,13839,
SO44233,2842,,13841,
SO44917,2843,,13842,
SO45002,2845,,13844,
SO44249,2846,,13845,
SO44271,2847,,13846,
SO44223,2848,,13847,
SO48997,2855,,13854,
SO49428,2871,,13870,
SO49227,2874,,13873,
SO49294,2883,,13882,
SO49172,2886,,13885,
SO49674,2888,,13887,
SO49584,2895,,13894,
SO50032,2897,,13896,
SO50102,2899,,13898,
SO50648,2918,,13917,
SO50365,2926,,13925,
SO50766,2978,,13977,
SO51004,2979,,13978,
SO50846,2980,,13979,
SO50890,2985,,13984,
SO45007,3138,,14137,
SO44838,3139,,14138,
SO45032,3140,,14139,
SO44842,3141,,14140,
SO47257,3142,,14141,
SO44427,3147,,14146,
SO45250,3148,,14147,
SO45509,3149,,14148,
SO45410,3150,,14149,
SO44368,3151,,14150,
SO44462,3156,,14155,
SO44374,3158,,14157,
SO44360,3159,,14158,
SO44348,3160,,14159,
SO45477,3161,,14160,
SO45364,3162,,14161,
SO45400,3163,,14162,
SO45455,3164,,14163,
SO45426,3165,,14164,
SO44432,3166,,14165,
SO45432,3168,,14167,
SO47198,3170,,14169,
SO47497,3171,,14170,
SO45393,3172,,14171,
SO45483,3182,,14181,
SO44375,3184,,14183,
SO47595,3187,,14186,
SO45449,3190,,14189,
SO44381,3192,,14191,
SO44439,3196,,14195,
SO45440,3199,,14198,
SO45775,3208,,14207,
SO45692,3426,,14425,
SO45728,3427,,14426,
SO44344,3428,,14427,
SO45580,3429,,14428,
SO44320,3430,,14429,
SO43700,3502,,14501,
SO43805,3511,,14510,
SO43723,3521,,14520,
SO44359,3526,,14525,
SO47471,3540,,14539,
SO45643,3542,,14541,
SO43824,3559,,14558,
SO43771,3560,,14559,
SO43726,3561,,14560,
SO43943,3566,,14565,
SO44002,3573,,14572,
SO43979,3577,,14576,
SO44057,3578,,14577,
SO44204,3581,,14580,
SO44166,3582,,14581,
SO44172,3585,,14584,
SO44255,3586,,14585,
SO44269,3590,,14589,
SO44219,3591,,14590,
SO44353,3592,,14591,
SO44397,3597,,14596,
SO44442,3600,,14599,
SO44474,3602,,14601,
SO44346,3603,,14602,
SO44354,3604,,14603,
SO44342,3611,,14610,
SO44465,3614,,14613,
SO44726,3615,,14614,
SO44717,3617,,14616,
SO44639,3618,,14617,
SO44736,3635,,14634,
SO44701,3637,,14636,
SO44661,3640,,14639,
SO44829,3644,,14643,
SO44990,3646,,14645,
SO44998,3647,,14646,
SO44964,3648,,14647,
SO44920,3649,,14648,
SO44965,3650,,14649,
SO45012,3651,,14650,
SO44856,3652,,14651,
SO44978,3653,,14652,
SO45225,3654,,14653,
SO45148,3657,,14656,
SO45080,3658,,14657,
SO45191,3661,,14660,
SO45226,3663,,14662,
SO45256,3665,,14664,
SO44730,3698,,14697,
SO44719,3701,,14700,
SO44602,3703,,14702,
SO44636,3706,,14705,
SO45683,3710,,14709,
SO44686,3713,,14712,
SO45664,3714,,14713,
SO47903,3715,,14714,
SO47793,3717,,14716,
SO47786,3720,,14719,
SO44651,3721,,14720,
SO45263,3723,,14722,
SO45227,3727,,14726,
SO45117,3728,,14727,
SO45222,3729,,14728,
SO45504,3731,,14730,
SO45493,3732,,14731,
SO45368,3733,,14732,
SO45347,3734,,14733,
SO45383,3735,,14734,
SO45385,3736,,14735,
SO45486,3738,,14737,
SO45666,3739,,14738,
SO45751,3740,,14739,
SO45597,3741,,14740,
SO45688,3742,,14741,
SO45598,3745,,14744,
SO45638,3747,,14746,
SO45698,3748,,14747,
SO45699,3751,,14750,
SO46019,3753,,14752,
SO45828,3754,,14753,
SO45855,3755,,14754,
SO45975,3756,,14755,
SO45997,3757,,14756,
SO45939,3758,,14757,
SO45623,3770,,14769,
SO45016,3771,,14770,
SO44934,3772,,14771,
SO45704,3773,,14772,
SO45609,3775,,14774,
SO45632,3776,,14775,
SO44974,3777,,14776,
SO44817,3778,,14777,
SO44900,3779,,14778,
SO47846,3780,,14779,
SO45725,3790,,14789,
SO47945,3792,,14791,
SO45031,3793,,14792,
SO44867,3794,,14793,
SO44967,3795,,14794,
SO45612,3796,,14795,
SO45749,3798,,14797,
SO45616,3801,,14800,
SO45817,3802,,14801,
SO47946,3803,,14802,
SO45924,3804,,14803,
SO48227,3814,,14813,
SO45868,3820,,14819,
SO45869,3823,,14822,
SO45836,3824,,14823,
SO45937,3825,,14824,
SO45862,3828,,14827,
SO45983,3831,,14830,
SO45008,3832,,14831,
SO44906,3833,,14832,
SO44885,3834,,14833,
SO46184,3835,,14834,
SO46238,3839,,14838,
SO44928,3844,,14843,
SO45192,3847,,14846,
SO45198,3848,,14847,
SO45848,3853,,14852,
SO45188,3862,,14861,
SO45818,3869,,14868,
SO45948,3880,,14879,
SO45887,3881,,14880,
SO46145,3882,,14881,
SO46247,3883,,14882,
SO46126,3884,,14883,
SO46317,3885,,14884,
SO46284,3889,,14888,
SO46222,3892,,14891,
SO46223,3893,,14892,
SO46321,3895,,14894,
SO46127,3896,,14895,
SO46248,3897,,14896,
SO46224,3903,,14902,
SO46116,3913,,14912,
SO46487,3914,,14913,
SO46551,3915,,14914,
SO46470,3916,,14915,
SO48253,3927,,14926,
SO46239,3928,,14927,
SO45249,3929,,14928,
SO45181,3930,,14929,
SO45109,3938,,14937,
SO46252,3940,,14939,
SO46250,3941,,14940,
SO45149,3942,,14941,
SO48723,3945,,14944,
SO46128,3946,,14945,
SO45083,3948,,14947,
SO45185,3950,,14949,
SO45146,3951,,14950,
SO46293,3952,,14951,
SO46305,3953,,14952,
SO46191,3957,,14956,
SO46245,3968,,14967,
SO46473,3970,,14969,
SO45130,3976,,14975,
SO46562,3979,,14978,
SO46471,3980,,14979,
SO45160,3985,,14984,
SO46403,3991,,14990,
SO45186,3992,,14991,
SO46442,3998,,14997,
SO48452,3999,,14998,
SO48503,4004,,15003,
SO48703,4005,,15004,
SO46504,4006,,15005,
SO46414,4007,,15006,
SO46432,4017,,15016,
SO46552,4018,,15017,
SO46493,4024,,15023,
SO45180,4047,,15046,
SO45187,4048,,15047,
SO45345,4049,,15048,
SO46585,4051,,15050,
SO45397,4052,,15051,
SO46437,4055,,15054,
SO46394,4056,,15055,
SO45425,4057,,15056,
SO45401,4059,,15058,
SO45398,4060,,15059,
SO45371,4063,,15062,
SO46528,4064,,15063,
SO48522,4065,,15064,
SO46409,4074,,15073,
SO45377,4078,,15077,
SO45365,4079,,15078,
SO46598,4081,,15080,
SO45352,4082,,15081,
SO45693,4084,,15083,
SO49032,4086,,15085,
SO45729,4088,,15087,
SO45713,4089,,15088,
SO45745,4090,,15089,
SO48952,4094,,15093,
SO48922,4096,,15095,
SO45694,4098,,15097,
SO45758,4107,,15106,
SO46702,4117,,15116,
SO45593,4119,,15118,
SO46822,4156,,15155,
SO46842,4167,,15166,
SO46880,4168,,15167,
SO46802,4189,,15188,
SO46896,4190,,15189,
SO46765,4192,,15191,
SO46823,4194,,15193,
SO46852,4195,,15194,
SO46787,4196,,15195,
SO46916,4197,,15196,
SO46707,4200,,15199,
SO47183,4201,,15200,
SO47081,4204,,15203,
SO47311,4253,,15252,
SO47082,4255,,15254,
SO47113,4256,,15255,
SO47206,4257,,15256,
SO47254,4277,,15276,
SO47312,4281,,15280,
SO47089,4285,,15284,
SO47322,4288,,15287,
SO47083,4289,,15288,
SO47276,4290,,15289,
SO47550,4291,,15290,
SO47614,4303,,15302,
SO47465,4304,,15303,
SO47517,4309,,15308,
SO47609,4310,,15309,
SO47507,4312,,15311,
SO47530,4313,,15312,
SO47541,4315,,15314,
SO47585,4321,,15320,
SO47639,4322,,15321,
SO47586,4323,,15322,
SO47531,4326,,15325,
SO47561,4329,,15328,
SO47615,4330,,15329,
SO47734,4334,,15333,
SO47740,4338,,15337,
SO47842,4339,,15338,
SO47843,4340,,15339,
SO47854,4342,,15341,
SO47849,4343,,15342,
SO47741,4344,,15343,
SO47773,4346,,15345,
SO47774,4347,,15346,
SO47895,4348,,15347,
SO47806,4349,,15348,
SO47958,4350,,15349,
SO47850,4351,,15350,
SO47863,4352,,15351,
SO45617,4355,,15354,
SO46770,4358,,15357,
SO47818,4365,,15364,
SO48221,4366,,15365,
SO48235,4368,,15367,
SO48209,4370,,15369,
SO48189,4372,,15371,
SO48285,4373,,15372,
SO48140,4375,,15374,
SO48176,4380,,15379,
SO48217,4381,,15380,
SO48120,4389,,15388,
SO48283,4390,,15389,
SO48249,4395,,15394,
SO48232,4397,,15396,
SO48096,4399,,15398,
SO48555,4400,,15399,
SO48466,4405,,15404,
SO48467,4410,,15409,
SO48711,4411,,15410,
SO48445,4412,,15411,
SO48513,4418,,15417,
SO48573,4420,,15419,
SO48574,4423,,15422,
SO48514,4428,,15427,
SO48582,4429,,15428,
SO48636,4430,,15429,
SO48649,4433,,15432,
SO48468,4434,,15433,
SO45827,4441,,15440,
SO45853,4454,,15453,
SO48858,4456,,15455,
SO48939,4463,,15462,
SO48437,4467,,15466,
SO48661,4468,,15467,
SO48447,4472,,15471,
SO48416,4473,,15472,
SO48406,4474,,15473,
SO48637,4475,,15474,
SO48638,4476,,15475,
SO48925,4481,,15480,
SO48915,4482,,15481,
SO48888,4483,,15482,
SO48872,4484,,15483,
SO48982,4485,,15484,
SO48843,4490,,15489,
SO48800,4492,,15491,
SO48844,4493,,15492,
SO48801,4494,,15493,
SO48818,4498,,15497,
SO48873,4500,,15499,
SO48983,4501,,15500,
SO49027,4502,,15501,
SO48928,4503,,15502,
SO48852,4504,,15503,
SO48994,4507,,15506,
SO48811,4518,,15517,
SO48935,4519,,15518,
SO48853,4521,,15520,
SO49215,4522,,15521,
SO49255,4524,,15523,
SO49189,4526,,15525,
SO49310,4528,,15527,
SO49368,4529,,15528,
SO49232,4530,,15529,
SO49233,4532,,15531,
SO49442,4533,,15532,
SO49234,4535,,15534,
SO49408,4536,,15535,
SO49235,4538,,15537,
SO49430,4539,,15538,
SO49399,4541,,15540,
SO49380,4543,,15542,
SO49350,4548,,15547,
SO49431,4549,,15548,
SO49397,4552,,15551,
SO49369,4553,,15552,
SO49381,4554,,15553,
SO49611,4555,,15554,
SO49736,4556,,15555,
SO49629,4558,,15557,
SO49592,4559,,15558,
SO49593,4562,,15561,
SO49796,4563,,15562,
SO49566,4566,,15565,
SO49797,4569,,15568,
SO49735,4570,,15569,
SO49771,4571,,15570,
SO45902,4615,,15614,
SO45903,4620,,15619,
SO45854,4621,,15620,
SO45866,4622,,15621,
SO46810,4623,,15622,
SO49425,4624,,15623,
SO47150,4626,,15625,
SO45979,4631,,15630,
SO45980,4632,,15631,
SO46185,4633,,15632,
SO46269,4639,,15638,
SO47165,4650,,15649,
SO46256,4653,,15652,
SO46190,4654,,15653,
SO47166,4657,,15656,
SO46166,4658,,15657,
SO47224,4660,,15659,
SO46519,4661,,15660,
SO46441,4662,,15661,
SO46443,4663,,15662,
SO49372,4667,,15666,
SO47071,4668,,15667,
SO46571,4669,,15668,
SO46455,4670,,15669,
SO47555,4675,,15674,
SO47513,4676,,15675,
SO49411,4677,,15676,
SO49812,4678,,15677,
SO49645,4679,,15678,
SO47629,4686,,15685,
SO46595,4692,,15691,
SO46404,4693,,15692,
SO46393,4696,,15695,
SO49602,4738,,15737,
SO49554,4740,,15739,
SO49657,4751,,15750,
SO49658,4764,,15763,
SO49969,4769,,15768,
SO49970,4770,,15769,
SO50042,4771,,15770,
SO50148,4772,,15771,
SO50123,4779,,15778,
SO50023,4781,,15780,
SO50093,4782,,15781,
SO50103,4828,,15827,
SO50057,4835,,15834,
SO49952,4841,,15840,
SO50041,4842,,15841,
SO50056,4843,,15842,
SO50098,4844,,15843,
SO50122,4845,,15844,
SO50136,4846,,15845,
SO49903,4852,,15851,
SO50099,4853,,15852,
SO49931,4861,,15860,
SO50073,4863,,15862,
SO50137,4866,,15865,
SO50160,4874,,15873,
SO49904,4883,,15882,
SO50351,4886,,15885,
SO50609,4887,,15886,
SO50651,4889,,15888,
SO50571,4891,,15890,
SO50330,4893,,15892,
SO50478,4894,,15893,
SO50418,4898,,15897,
SO50572,4900,,15899,
SO50391,4902,,15901,
SO50392,4903,,15902,
SO50652,4904,,15903,
SO50514,4905,,15904,
SO50632,4909,,15908,
SO50581,4910,,15909,
SO50524,4915,,15914,
SO50331,4916,,15915,
SO50393,4919,,15918,
SO49599,4922,,15921,
SO49575,4924,,15923,
SO49705,4926,,15925,
SO49803,4932,,15931,
SO47491,4933,,15932,
SO50573,4935,,15934,
SO50344,4938,,15937,
SO50610,4942,,15941,
SO50427,4945,,15944,
SO50352,4949,,15948,
SO51032,4950,,15949,
SO50965,4953,,15952,
SO50847,4954,,15953,
SO50966,4955,,15954,
SO51076,4960,,15959,
SO50831,4962,,15961,
SO50867,4965,,15964,
SO50967,4966,,15965,
SO50968,4969,,15968,
SO50791,4970,,15969,
SO50792,4973,,15972,
SO50891,4977,,15976,
SO50935,4981,,15980,
SO50899,4984,,15983,
SO50923,4985,,15984,
SO51057,4986,,15985,
SO50848,4987,,15986,
SO51017,4988,,15987,
SO50801,4990,,15989,
SO51005,4991,,15990,
SO50866,4992,,15991,
SO51067,4993,,15992,
SO50952,4995,,15994,
SO46721,5047,,16046,
SO47495,5197,,16196,
SO49717,5205,,16204,
SO47845,5207,,16206,
SO47792,5208,,16207,
SO49791,5262,,16261,
SO47890,5264,,16263,
SO47824,5268,,16267,
SO47956,5272,,16271,
SO47119,5276,,16275,
SO47847,5279,,16278,
SO49975,5292,,16291,
SO48278,5306,,16305,
SO50101,5311,,16310,
SO48171,5314,,16313,
SO47330,5325,,16324,
SO47077,5330,,16329,
SO43797,5346,,16345,
SO43830,5348,,16347,
SO43774,5349,,16348,
SO43825,5350,,16349,
SO43809,5351,,16350,
SO43709,5352,,16351,
SO43760,5353,,16352,
SO49926,5401,,16400,
SO50046,5405,,16404,
SO47238,5406,,16405,
SO47274,5408,,16407,
SO48214,5410,,16409,
SO47264,5411,,16410,
SO50054,5413,,16412,
SO48548,5415,,16414,
SO50509,5416,,16415,
SO50450,5417,,16416,
SO48704,5430,,16429,
SO48517,5443,,16442,
SO47627,5445,,16444,
SO47521,5446,,16445,
SO47464,5462,,16461,
SO47612,5466,,16465,
SO43753,5483,,16482,
SO43715,5484,,16483,
SO43791,5485,,16484,
SO43761,5494,,16493,
SO43815,5495,,16494,
SO43781,5496,,16495,
SO43816,5497,,16496,
SO47628,5510,,16509,
SO47650,5513,,16512,
SO43745,5515,,16514,
SO43777,5516,,16515,
SO43782,5517,,16516,
SO43710,5518,,16517,
SO43766,5519,,16518,
SO43817,5520,,16519,
SO43724,5521,,16520,
SO43798,5522,,16521,
SO43735,5523,,16522,
SO43806,5524,,16523,
SO43772,5525,,16524,
SO43763,5526,,16525,
SO43773,5527,,16526,
SO43740,5528,,16527,
SO43818,5529,,16528,
SO43716,5530,,16529,
SO47931,5532,,16531,
SO51021,5533,,16532,
SO50918,5548,,16547,
SO49026,5550,,16549,
SO51011,5552,,16551,
SO48808,5553,,16552,
SO48988,5566,,16565,
SO48839,5568,,16567,
SO50874,5571,,16570,
SO49012,5573,,16572,
SO50961,5581,,16580,
SO47787,5586,,16585,
SO48273,5590,,16589,
SO48218,5595,,16594,
SO48228,5599,,16598,
SO43727,5608,,16607,
SO43764,5613,,16612,
SO43746,5617,,16616,
SO43783,5621,,16620,
SO43792,5624,,16623,
SO43703,5625,,16624,
SO43731,5630,,16629,
SO43842,5631,,16630,
SO43744,5632,,16631,
SO43799,5637,,16636,
SO44052,5638,,16637,
SO43992,5639,,16638,
SO43952,5640,,16639,
SO44072,5657,,16656,
SO43971,5658,,16657,
SO43958,5659,,16658,
SO43939,5660,,16659,
SO43991,5661,,16660,
SO43925,5662,,16661,
SO43927,5663,,16662,
SO44024,5664,,16663,
SO43981,5665,,16664,
SO43945,5676,,16675,
SO43970,5685,,16684,
SO43963,5686,,16685,
SO43938,5687,,16686,
SO43946,5688,,16687,
SO44059,5689,,16688,
SO44071,5692,,16691,
SO44033,5694,,16693,
SO43951,5697,,16696,
SO44019,5702,,16701,
SO44034,5703,,16702,
SO43977,5704,,16703,
SO44035,5708,,16707,
SO44025,5709,,16708,
SO43947,5713,,16712,
SO44048,5714,,16713,
SO43928,5741,,16740,
SO43932,5742,,16741,
SO44041,5743,,16742,
SO43921,5744,,16743,
SO44006,5745,,16744,
SO43964,5746,,16745,
SO48823,5822,,16821,
SO48150,5823,,16822,
SO48144,5824,,16823,
SO48174,5828,,16827,
SO48179,5829,,16828,
SO48130,5830,,16829,
SO49182,5831,,16830,
SO48238,5832,,16831,
SO44013,5929,,16928,
SO43993,5930,,16929,
SO44020,5932,,16931,
SO49290,5941,,16940,
SO49183,5945,,16944,
SO48265,5946,,16945,
SO44026,6046,,17045,
SO44036,6047,,17046,
SO43937,6048,,17047,
SO44028,6049,,17048,
SO44067,6050,,17049,
SO44050,6051,,17050,
SO43942,6052,,17051,
SO44157,6056,,17055,
SO44237,6057,,17056,
SO44194,6065,,17064,
SO44165,6066,,17065,
SO44187,6070,,17069,
SO44144,6072,,17071,
SO44238,6080,,17079,
SO49312,6087,,17086,
SO49414,6097,,17096,
SO49415,6108,,17107,
SO49387,6115,,17114,
SO49339,6184,,17183,
SO49410,6185,,17184,
SO49778,6199,,17198,
SO49779,6210,,17209,
SO48475,6215,,17214,
SO49604,6222,,17221,
SO44174,6230,,17229,
SO44256,6233,,17232,
SO44247,6234,,17233,
SO44248,6241,,17240,
SO44230,6242,,17241,
SO44149,6243,,17242,
SO44175,6247,,17246,
SO44184,6248,,17247,
SO44191,6249,,17248,
SO44195,6250,,17249,
SO44221,6256,,17255,
SO44275,6257,,17256,
SO44209,6258,,17257,
SO44222,6259,,17258,
SO44199,6260,,17259,
SO44276,6278,,17277,
SO44243,6279,,17278,
SO44263,6280,,17279,
SO44185,6281,,17280,
SO44205,6286,,17285,
SO44264,6287,,17286,
SO44277,6289,,17288,
SO44278,6294,,17293,
SO44181,6295,,17294,
SO44196,6296,,17295,
SO44182,6300,,17299,
SO44167,6309,,17308,
SO44145,6310,,17309,
SO44146,6311,,17310,
SO44200,6313,,17312,
SO44150,6316,,17315,
SO44147,6321,,17320,
SO44279,6327,,17326,
SO44137,6329,,17328,
SO44244,6330,,17329,
SO44214,6333,,17332,
SO44232,6335,,17334,
SO44213,6352,,17351,
SO44419,6353,,17352,
SO44390,6354,,17353,
SO44340,6355,,17354,
SO44443,6371,,17370,
SO44445,6479,,17478,
SO44366,6503,,17502,
SO44425,6505,,17504,
SO44332,6511,,17510,
SO44357,6512,,17511,
SO44420,6513,,17512,
SO44455,6514,,17513,
SO44371,6515,,17514,
SO44401,6516,,17515,
SO49802,6630,,17629,
SO49728,6636,,17635,
SO48945,6645,,17644,
SO44431,6726,,17725,
SO44478,6727,,17726,
SO44326,6729,,17728,
SO44391,6731,,17730,
SO44358,6733,,17732,
SO44398,6734,,17733,
SO44469,6735,,17734,
SO44470,6736,,17735,
SO44372,6737,,17736,
SO49693,6742,,17741,
SO49647,6743,,17742,
SO48840,6754,,17753,
SO50180,6778,,17777,
SO49993,6782,,17781,
SO49327,6791,,17790,
SO49226,6793,,17792,
SO49247,6794,,17793,
SO49201,6796,,17795,
SO49413,6799,,17798,
SO49401,6814,,17813,
SO49280,6816,,17815,
SO49898,6825,,17824,
SO49258,6829,,17828,
SO50014,6834,,17833,
SO49963,6848,,17847,
SO49899,6874,,17873,
SO49200,6890,,17889,
SO49664,6897,,17896,
SO50586,6899,,17898,
SO50628,6903,,17902,
SO44329,6905,,17904,
SO44438,6910,,17909,
SO44392,6911,,17910,
SO44347,6912,,17911,
SO44365,6913,,17912,
SO44476,6914,,17913,
SO44446,6915,,17914,
SO44380,6916,,17915,
SO44424,6917,,17916,
SO44417,6918,,17917,
SO44461,6919,,17918,
SO44418,6920,,17919,
SO44343,6921,,17920,
SO44328,6922,,17921,
SO44477,6923,,17922,
SO44453,6924,,17923,
SO44388,6925,,17924,
SO44389,6926,,17925,
SO44454,6927,,17926,
SO44430,6928,,17927,
SO49701,6934,,17933,
SO49581,6938,,17937,
SO49762,6949,,17948,
SO43796,6957,,17956,
SO43840,6958,,17957,
SO49751,6967,,17966,
SO49694,6969,,17968,
SO49680,6970,,17969,
SO44039,6972,,17971,
SO44231,6974,,17973,
SO44322,6976,,17975,
SO50806,6981,,17980,
SO49909,6982,,17981,
SO44681,6983,,17982,
SO50997,6985,,17984,
SO51044,6986,,17985,
SO44591,6988,,17987,
SO44849,6997,,17996,
SO51052,6999,,17998,
SO44988,7000,,17999,
SO50039,7001,,18000,
SO44874,7005,,18004,
SO45172,7009,,18008,
SO45234,7010,,18009,
SO45380,7011,,18010,
SO45366,7012,,18011,
SO45414,7039,,18038,
SO45627,7040,,18039,
SO45748,7047,,18046,
SO45702,7132,,18131,
SO45685,7133,,18132,
SO45615,7138,,18137,
SO45852,7144,,18143,
SO45930,7149,,18148,
SO46211,7164,,18163,
SO50463,7167,,18166,
SO50400,7174,,18173,
SO46286,7176,,18175,
SO44338,7189,,18188,
SO44339,7190,,18189,
SO44370,7194,,18193,
SO44632,7197,,18196,
SO44676,7199,,18198,
SO44608,7201,,18200,
SO44658,7202,,18201,
SO44739,7203,,18202,
SO44633,7204,,18203,
SO44620,7205,,18204,
SO44618,7206,,18205,
SO44672,7208,,18207,
SO44659,7209,,18208,
SO44629,7210,,18209,
SO44583,7211,,18210,
SO44663,7213,,18212,
SO44634,7214,,18213,
SO44733,7215,,18214,
SO44621,7218,,18217,
SO44635,7219,,18218,
SO44697,7220,,18219,
SO44609,7221,,18220,
SO44664,7223,,18222,
SO44596,7239,,18238,
SO44718,7240,,18239,
SO44709,7241,,18240,
SO44610,7242,,18241,
SO44737,7243,,18242,
SO44600,7244,,18243,
SO44688,7245,,18244,
SO44670,7246,,18245,
SO44640,7247,,18246,
SO44711,7249,,18248,
SO44685,7250,,18249,
SO44594,7251,,18250,
SO44732,7252,,18251,
SO44738,7253,,18252,
SO44696,7255,,18254,
SO44641,7256,,18255,
SO44702,7261,,18260,
SO44671,7269,,18268,
SO44689,7270,,18269,
SO44626,7273,,18272,
SO44727,7274,,18273,
SO44656,7276,,18275,
SO44933,7277,,18276,
SO44922,7278,,18277,
SO44814,7282,,18281,
SO44903,7285,,18284,
SO44861,7289,,18288,
SO44883,7297,,18296,
SO45000,7298,,18297,
SO44870,7302,,18301,
SO45001,7303,,18302,
SO44932,7304,,18303,
SO44898,7308,,18307,
SO44884,7309,,18308,
SO44825,7310,,18309,
SO45029,7332,,18331,
SO45020,7333,,18332,
SO44846,7335,,18334,
SO44841,7336,,18335,
SO44923,7337,,18336,
SO44830,7338,,18337,
SO44835,7339,,18338,
SO44806,7453,,18452,
SO44862,7458,,18457,
SO44966,7459,,18458,
SO44915,7462,,18461,
SO44981,7463,,18462,
SO44916,7464,,18463,
SO44992,7465,,18464,
SO44836,7466,,18465,
SO44863,7468,,18467,
SO44913,7469,,18468,
SO44979,7470,,18469,
SO44880,7471,,18470,
SO44973,7483,,18482,
SO45013,7484,,18483,
SO44857,7485,,18484,
SO44999,7486,,18485,
SO44822,7487,,18486,
SO44858,7488,,18487,
SO44823,7489,,18488,
SO44921,7490,,18489,
SO44940,7491,,18490,
SO44914,7492,,18491,
SO44925,7494,,18493,
SO45018,7495,,18494,
SO44859,7496,,18495,
SO44881,7497,,18496,
SO50511,7622,,18621,
SO50627,7628,,18627,
SO46193,7635,,18634,
SO45019,7692,,18691,
SO44985,7693,,18692,
SO44860,7694,,18693,
SO44824,7695,,18694,
SO44813,7696,,18695,
SO44897,7697,,18696,
SO44941,7698,,18697,
SO44991,7699,,18698,
SO44980,7700,,18699,
SO44869,7701,,18700,
SO44942,7702,,18701,
SO45028,7703,,18702,
SO44882,7704,,18703,
SO45167,7707,,18706,
SO45125,7709,,18708,
SO45246,7710,,18709,
SO45110,7711,,18710,
SO45145,7717,,18716,
SO45257,7719,,18718,
SO45162,7722,,18721,
SO45118,7723,,18722,
SO45224,7724,,18723,
SO45211,7725,,18724,
SO45124,7726,,18725,
SO45128,7727,,18726,
SO45212,7730,,18729,
SO45236,7732,,18731,
SO45137,7736,,18735,
SO45232,7737,,18736,
SO45237,7738,,18737,
SO45168,7739,,18738,
SO45196,7740,,18739,
SO45119,7741,,18740,
SO45085,7747,,18746,
SO45086,7748,,18747,
SO45169,7767,,18766,
SO45154,7768,,18767,
SO45228,7769,,18768,
SO45182,7770,,18769,
SO45092,7900,,18899,
SO45155,7901,,18900,
SO45197,7903,,18902,
SO45177,7904,,18903,
SO45093,7907,,18906,
SO45203,7908,,18907,
SO45231,7909,,18908,
SO45091,7910,,18909,
SO45245,7929,,18928,
SO45195,7930,,18929,
SO45223,7931,,18930,
SO45190,7932,,18931,
SO46600,8028,,19027,
SO46514,8029,,19028,
SO50981,8032,,19031,
SO46469,8034,,19033,
SO51040,8037,,19036,
SO50948,8038,,19037,
SO46532,8042,,19041,
SO50886,8049,,19048,
SO51043,8050,,19049,
SO46502,8052,,19051,
SO46804,8053,,19052,
SO46783,8070,,19069,
SO50949,8071,,19070,
SO50982,8074,,19073,
SO47275,8077,,19076,
SO45166,8084,,19083,
SO45136,8085,,19084,
SO45153,8090,,19089,
SO45144,8094,,19093,
SO45202,8095,,19094,
SO45472,8096,,19095,
SO45356,8097,,19096,
SO45479,8100,,19099,
SO45444,8103,,19102,
SO45445,8106,,19105,
SO47602,8175,,19174,
SO47492,8182,,19181,
SO47584,8195,,19194,
SO47460,8256,,19255,
SO47549,8257,,19256,
SO45418,8265,,19264,
SO45369,8270,,19269,
SO45370,8271,,19270,
SO45362,8272,,19271,
SO47898,8277,,19276,
SO48151,8281,,19280,
SO48257,8283,,19282,
SO48258,8288,,19287,
SO48191,8293,,19292,
SO48669,8294,,19293,
SO48535,8296,,19295,
SO48568,8297,,19296,
SO48423,8298,,19297,
SO48440,8310,,19309,
SO48412,8311,,19310,
SO48707,8314,,19313,
SO48550,8316,,19315,
SO48805,8319,,19318,
SO49025,8320,,19319,
SO48868,8321,,19320,
SO49250,8324,,19323,
SO49281,8325,,19324,
SO44003,8326,,19325,
SO49390,8327,,19326,
SO44053,8330,,19329,
SO49262,8336,,19335,
SO49437,8337,,19336,
SO49427,8339,,19338,
SO44267,8340,,19339,
SO44463,8341,,19340,
SO49203,8344,,19343,
SO44422,8354,,19353,
SO44624,8358,,19357,
SO44604,8365,,19364,
SO44968,8366,,19365,
SO49558,8367,,19366,
SO49550,8381,,19380,
SO49758,8382,,19381,
SO49639,8387,,19386,
SO45009,8388,,19387,
SO44907,8416,,19415,
SO44850,8418,,19417,
SO49766,8420,,19419,
SO45239,8421,,19420,
SO50031,8422,,19421,
SO45251,8423,,19422,
SO50090,8424,,19423,
SO50131,8427,,19426,
SO49901,8428,,19427,
SO45100,8429,,19428,
SO45492,8430,,19429,
SO45354,8433,,19432,
SO50081,8435,,19434,
SO50091,8437,,19436,
SO45672,8439,,19438,
SO45935,8440,,19439,
SO50110,8442,,19441,
SO49928,8443,,19442,
SO45879,8444,,19443,
SO50083,8447,,19446,
SO50097,8448,,19447,
SO45894,8451,,19450,
SO45992,8452,,19451,
SO50531,8453,,19452,
SO46012,8454,,19453,
SO45967,8455,,19454,
SO50600,8459,,19458,
SO45972,8473,,19472,
SO50378,8474,,19473,
SO50621,8475,,19474,
SO50495,8476,,19475,
SO46147,8477,,19476,
SO50455,8481,,19480,
SO46277,8483,,19482,
SO46278,8497,,19496,
SO46141,8502,,19501,
SO50844,8504,,19503,
SO50999,8505,,19504,
SO50941,8518,,19517,
SO46501,8519,,19518,
SO45419,8556,,19555,
SO45487,8557,,19556,
SO45515,8558,,19557,
SO45447,8559,,19558,
SO45452,8560,,19559,
SO45390,8561,,19560,
SO45420,8562,,19561,
SO45348,8563,,19562,
SO45481,8564,,19563,
SO45480,8565,,19564,
SO45363,8566,,19565,
SO45349,8569,,19568,
SO45421,8577,,19576,
SO45488,8578,,19577,
SO45464,8587,,19586,
SO45391,8589,,19588,
SO45473,8593,,19592,
SO45505,8594,,19593,
SO45396,8595,,19594,
SO45474,8596,,19595,
SO45375,8597,,19596,
SO45399,8599,,19598,
SO45458,8600,,19599,
SO45475,8602,,19601,
SO45489,8603,,19602,
SO45459,8606,,19605,
SO45386,8608,,19607,
SO45494,8610,,19609,
SO45466,8612,,19611,
SO45409,8613,,19612,
SO45350,8614,,19613,
SO45476,8615,,19614,
SO45506,8616,,19615,
SO45507,8617,,19616,
SO45742,8621,,19620,
SO45711,8622,,19621,
SO45600,8629,,19628,
SO45743,8632,,19631,
SO45764,8653,,19652,
SO45720,8654,,19653,
SO45590,8764,,19763,
SO45708,8766,,19765,
SO45634,8767,,19766,
SO45715,8771,,19770,
SO45651,8772,,19771,
SO45752,8773,,19772,
SO45689,8774,,19773,
SO45639,8783,,19782,
SO45716,8784,,19783,
SO45589,8785,,19784,
SO45772,8786,,19785,
SO45740,8787,,19786,
SO45619,8788,,19787,
SO45741,8789,,19788,
SO45681,8790,,19789,
SO45673,8791,,19790,
SO45648,8792,,19791,
SO45735,8793,,19792,
SO45709,8794,,19793,
SO45599,8795,,19794,
SO45628,8796,,19795,
SO45660,8798,,19797,
SO43835,8803,,19802,
SO44070,8830,,19829,
SO44023,8831,,19830,
SO44403,8845,,19844,
SO44695,8856,,19855,
SO44853,8875,,19874,
SO45208,8885,,19884,
SO51016,8900,,19899,
SO46486,8902,,19901,
SO50984,8903,,19902,
SO50773,8904,,19903,
SO46515,8905,,19904,
SO46830,8911,,19910,
SO50933,8923,,19922,
SO46761,8925,,19924,
SO46678,8931,,19930,
SO46752,8932,,19931,
SO43756,8942,,19941,
SO43823,8943,,19942,
SO51055,8944,,19943,
SO47286,8945,,19944,
SO50780,8946,,19945,
SO45703,8948,,19947,
SO45674,8949,,19948,
SO45773,8950,,19949,
SO45682,8951,,19950,
SO45620,8952,,19951,
SO45770,8957,,19956,
SO45667,8958,,19957,
SO45690,8959,,19958,
SO45763,8960,,19959,
SO45736,8961,,19960,
SO45710,8964,,19963,
SO45640,8965,,19964,
SO45737,8966,,19965,
SO45753,8967,,19966,
SO45606,8968,,19967,
SO45864,8969,,19968,
SO45949,8971,,19970,
SO46021,8972,,19971,
SO45950,8975,,19974,
SO45876,8976,,19975,
SO45982,8978,,19977,
SO45941,8979,,19978,
SO45956,8980,,19979,
SO45106,8988,,19987,
SO45381,8989,,19988,
SO45469,8990,,19989,
SO45423,8998,,19997,
SO45719,9001,,20000,
SO45874,9008,,20007,
SO46206,9024,,20023,
SO46241,9035,,20034,
SO46588,9036,,20035,
SO43708,9043,,20042,
SO43935,9049,,20048,
SO43953,9050,,20049,
SO47199,9052,,20051,
SO44188,9053,,20052,
SO44189,9055,,20054,
SO44225,9061,,20060,
SO47072,9063,,20062,
SO46413,9076,,20075,
SO44262,9150,,20149,
SO44460,9151,,20150,
SO45830,9152,,20151,
SO45905,9153,,20152,
SO45849,9155,,20154,
SO45969,9157,,20156,
SO45865,9158,,20157,
SO45831,9159,,20158,
SO45906,9160,,20159,
SO45819,9161,,20160,
SO47193,9163,,20162,
SO47653,9164,,20163,
SO44452,9165,,20164,
SO44335,9166,,20165,
SO47547,9167,,20166,
SO44603,9168,,20167,
SO44653,9171,,20170,
SO47574,9172,,20171,
SO44687,9173,,20172,
SO44958,9174,,20173,
SO46427,9183,,20182,
SO45932,9212,,20211,
SO45838,9214,,20213,
SO45907,9215,,20214,
SO45964,9216,,20215,
SO45977,9217,,20216,
SO45888,9218,,20217,
SO45942,9220,,20219,
SO46007,9221,,20220,
SO45943,9222,,20221,
SO45944,9226,,20225,
SO45892,9227,,20226,
SO45962,9228,,20227,
SO46020,9229,,20228,
SO46006,9237,,20236,
SO45963,9239,,20238,
SO45976,9240,,20239,
SO45904,9242,,20241,
SO45875,9243,,20242,
SO45940,9245,,20244,
SO45829,9246,,20245,
SO45822,9247,,20246,
SO45856,9248,,20247,
SO45931,9250,,20249,
SO45823,9254,,20253,
SO46199,9257,,20256,
SO46291,9259,,20258,
SO46134,9260,,20259,
SO46200,9261,,20260,
SO46225,9262,,20261,
SO46299,9265,,20264,
SO46173,9284,,20283,
SO46208,9285,,20284,
SO46135,9417,,20416,
SO46292,9419,,20418,
SO46129,9421,,20420,
SO46242,9424,,20423,
SO46152,9425,,20424,
SO46266,9426,,20425,
SO46136,9427,,20426,
SO46307,9428,,20427,
SO46215,9430,,20429,
SO46188,9431,,20430,
SO46318,9445,,20444,
SO46262,9446,,20445,
SO46117,9447,,20446,
SO46124,9448,,20447,
SO46267,9449,,20448,
SO46275,9451,,20450,
SO46255,9452,,20451,
SO46300,9453,,20452,
SO46216,9457,,20456,
SO47761,9549,,20548,
SO47937,9550,,20549,
SO44809,9553,,20552,
SO47801,9556,,20555,
SO47914,9557,,20556,
SO45112,9559,,20558,
SO47825,9561,,20560,
SO45367,9562,,20561,
SO45435,9563,,20562,
SO45596,9565,,20564,
SO46295,9568,,20567,
SO46150,9570,,20569,
SO46475,9576,,20575,
SO46703,9577,,20576,
SO46686,9578,,20577,
SO47840,9585,,20584,
SO48095,9591,,20590,
SO46891,9593,,20592,
SO48127,9599,,20598,
SO46137,9601,,20600,
SO46189,9607,,20606,
SO46174,9609,,20608,
SO46308,9610,,20609,
SO46201,9611,,20610,
SO46118,9612,,20611,
SO46276,9613,,20612,
SO46243,9614,,20613,
SO46217,9615,,20614,
SO46268,9616,,20615,
SO46402,9617,,20616,
SO46541,9618,,20617,
SO46534,9621,,20620,
SO46440,9622,,20621,
SO46583,9623,,20622,
SO46481,9624,,20623,
SO46517,9625,,20624,
SO46561,9626,,20625,
SO46453,9627,,20626,
SO46496,9628,,20627,
SO46488,9629,,20628,
SO46428,9630,,20629,
SO46910,9711,,20710,
SO47307,9712,,20711,
SO47243,9713,,20712,
SO47246,9714,,20713,
SO48113,9717,,20716,
SO47300,9718,,20717,
SO47308,9719,,20718,
SO48216,9720,,20719,
SO48143,9721,,20720,
SO48724,9723,,20722,
SO48569,9727,,20726,
SO47331,9808,,20807,
SO48487,9809,,20808,
SO47478,9812,,20811,
SO46454,9813,,20812,
SO46518,9815,,20814,
SO46535,9816,,20815,
SO46525,9817,,20816,
SO46439,9818,,20817,
SO46594,9819,,20818,
SO46415,9820,,20819,
SO46399,9821,,20820,
SO46461,9822,,20821,
SO46540,9823,,20822,
SO46602,9824,,20823,
SO47539,9825,,20824,
SO47652,9826,,20825,
SO48462,9829,,20828,
SO48656,9830,,20829,
SO48400,9831,,20830,
SO48563,9832,,20831,
SO47479,9833,,20832,
SO48551,9834,,20833,
SO47548,9835,,20834,
SO48940,9836,,20835,
SO48957,9837,,20836,
SO47622,9838,,20837,
SO47839,9839,,20838,
SO47739,9840,,20839,
SO48912,9842,,20841,
SO48977,9843,,20842,
SO49263,9844,,20843,
SO49195,9846,,20845,
SO49436,9848,,20847,
SO47876,9849,,20848,
SO47802,9851,,20850,
SO47877,9852,,20851,
SO48248,9853,,20852,
SO49719,9855,,20854,
SO48240,9857,,20856,
SO48104,9860,,20859,
SO49632,9861,,20860,
SO49783,9862,,20861,
SO48187,9863,,20862,
SO48269,9864,,20863,
SO48252,9865,,20864,
SO48486,9867,,20866,
SO48643,9870,,20869,
SO50016,9871,,20870,
SO48665,9873,,20872,
SO50082,9875,,20874,
SO48633,9876,,20875,
SO50018,9877,,20876,
SO48504,9880,,20879,
SO48911,9881,,20880,
SO48806,9886,,20885,
SO48831,9887,,20886,
SO49009,9891,,20890,
SO48807,9893,,20892,
SO50006,9897,,20896,
SO50183,9913,,20912,
SO50377,9914,,20913,
SO50403,9915,,20914,
SO49416,9918,,20917,
SO49426,9922,,20921,
SO49194,9923,,20922,
SO50599,9924,,20923,
SO50569,9931,,20930,
SO49353,9932,,20931,
SO49374,9934,,20933,
SO50647,9946,,20945,
SO50415,9971,,20970,
SO49389,9976,,20975,
SO50607,9980,,20979,
SO50476,9981,,20980,
SO49614,9983,,20982,
SO46494,9984,,20983,
SO46447,9985,,20984,
SO46553,9986,,20985,
SO46400,9988,,20987,
SO46418,9989,,20988,
SO46495,9990,,20989,
SO46554,9991,,20990,
SO46433,9992,,20991,
SO46398,9993,,20992,
SO46401,9994,,20993,
SO46405,9995,,20994,
SO46391,9996,,20995,
SO46434,9997,,20996,
SO46819,10002,,21001,
SO46727,10003,,21002,
SO50555,10007,,21006,
SO50433,10009,,21008,
SO49673,10012,,21011,
SO49792,10013,,21012,
SO50554,10016,,21015,
SO50799,10017,,21016,
SO49782,10019,,21018,
SO49615,10021,,21020,
SO49649,10028,,21027,
SO51024,10030,,21029,
SO49606,10035,,21034,
SO50910,10036,,21035,
SO49730,10037,,21036,
SO50922,10038,,21037,
SO49612,10040,,21039,
SO49551,10041,,21040,
SO50118,10045,,21044,
SO50132,10054,,21053,
SO50017,10057,,21056,
SO49995,10061,,21060,
SO50182,10068,,21067,
SO49965,10072,,21071,
SO50153,10093,,21092,
SO50568,10094,,21093,
SO50350,10104,,21103,
SO50441,10105,,21104,
SO50466,10106,,21105,
SO50364,10107,,21106,
SO50327,10131,,21130,
SO46696,10167,,21166,
SO46897,10180,,21179,
SO46908,10190,,21189,
SO46725,10192,,21191,
SO46853,10193,,21192,
SO46806,10196,,21195,
SO46744,10200,,21199,
SO46798,10202,,21201,
SO46898,10206,,21205,
SO46818,10212,,21211,
SO46766,10217,,21216,
SO47333,10230,,21229,
SO47142,10231,,21230,
SO47097,10258,,21257,
SO47208,10360,,21359,
SO47218,10362,,21361,
SO47209,10380,,21379,
SO47115,10394,,21393,
SO47160,10404,,21403,
SO50779,10509,,21508,
SO50790,10510,,21509,
SO50983,10517,,21516,
SO50921,10518,,21517,
SO50764,10535,,21534,
SO50829,10541,,21540,
SO50971,10546,,21545,
SO47128,10557,,21556,
SO47334,10558,,21557,
SO47290,10559,,21558,
SO47241,10560,,21559,
SO47084,10562,,21561,
SO47524,10568,,21567,
SO47623,10570,,21569,
SO43769,10660,,21659,
SO51037,10669,,21668,
SO50765,10670,,21669,
SO43800,10711,,21710,
SO43833,10728,,21727,
SO43803,10742,,21741,
SO43697,10769,,21768,
SO43995,10814,,21813,
SO47473,10876,,21875,
SO47656,10883,,21882,
SO47489,10889,,21888,
SO47577,10892,,21891,
SO47508,10893,,21892,
SO47647,10898,,21897,
SO44027,10922,,21921,
SO43972,10940,,21939,
SO47475,10946,,21945,
SO47482,10949,,21948,
SO47552,10951,,21950,
SO47500,10952,,21951,
SO47563,10956,,21955,
SO47509,10958,,21957,
SO47953,10975,,21974,
SO47750,10977,,21976,
SO47775,10981,,21980,
SO47751,10984,,21983,
SO47828,10985,,21984,
SO47907,11000,,21999,
SO44022,11009,,22008,
SO47884,11031,,22030,
SO43918,11042,,22041,
SO44064,11051,,22050,
SO44142,11059,,22058,
SO44218,11110,,22109,
SO44261,11113,,22112,
SO44136,11115,,22114,
SO44235,11118,,22117,
SO44441,11119,,22118,
SO44464,11121,,22120,
SO44678,11122,,22121,
SO44713,11129,,22128,
SO47826,11169,,22168,
SO47816,11175,,22174,
SO47827,11176,,22175,
SO47804,11179,,22178,
SO44715,11183,,22182,
SO47952,11194,,22193,
SO47772,11196,,22195,
SO48208,11202,,22201,
SO48122,11208,,22207,
SO44716,11231,,22230,
SO44694,11233,,22232,
SO44677,11234,,22233,
SO44699,11235,,22234,
SO44957,11248,,22247,
SO44937,11252,,22251,
SO44983,11253,,22252,
SO44892,11268,,22267,
SO45011,11269,,22268,
SO44851,11300,,22299,
SO44960,11374,,22373,
SO48194,11402,,22401,
SO48274,11405,,22404,
SO48268,11407,,22406,
SO48121,11411,,22410,
SO48097,11413,,22412,
SO48250,11573,,22572,
SO48101,11576,,22575,
SO48107,11581,,22580,
SO44969,11714,,22713,
SO44811,11733,,22732,
SO45101,11749,,22748,
SO45105,11766,,22765,
SO45094,11786,,22785,
SO48139,11858,,22857,
SO45252,11878,,22877,
SO45165,11882,,22881,
SO45193,11890,,22889,
SO45219,11894,,22893,
SO45134,11896,,22895,
SO45142,11902,,22901,
SO45221,11904,,22903,
SO48449,11908,,22907,
SO48721,11931,,22930,
SO48417,11933,,22932,
SO48619,11935,,22934,
SO48722,11938,,22937,
SO48662,11939,,22938,
SO48409,11941,,22940,
SO48541,11944,,22943,
SO48652,11952,,22951,
SO48489,11955,,22954,
SO48557,11959,,22958,
SO45123,11972,,22971,
SO45108,11976,,22975,
SO45490,11977,,22976,
SO48606,11989,,22988,
SO45503,11996,,22995,
SO45374,11997,,22996,
SO45510,11999,,22998,
SO45361,12058,,23057,
SO45454,12075,,23074,
SO48719,12100,,23099,
SO48696,12101,,23100,
SO45456,12114,,23113,
SO45403,12115,,23114,
SO48828,12121,,23120,
SO48829,12122,,23121,
SO45412,12138,,23137,
SO45468,12165,,23164,
SO45358,12173,,23172,
SO45405,12210,,23209,
SO45484,12268,,23267,
SO45776,12282,,23281,
SO45680,12284,,23283,
SO45641,12307,,23306,
SO49034,12322,,23321,
SO48980,12323,,23322,
SO49003,12326,,23325,
SO49014,12332,,23331,
SO48798,12333,,23332,
SO48981,12349,,23348,
SO45635,12352,,23351,
SO45746,12377,,23376,
SO45705,12379,,23378,
SO45614,12386,,23385,
SO46014,12397,,23396,
SO45881,12398,,23397,
SO48824,12409,,23408,
SO48809,12412,,23411,
SO48913,12413,,23412,
SO48953,12414,,23413,
SO48810,12416,,23415,
SO49010,12417,,23416,
SO49004,12421,,23420,
SO48826,12422,,23421,
SO49175,12432,,23431,
SO49207,12433,,23432,
SO45926,12487,,23486,
SO46015,12512,,23511,
SO49242,12525,,23524,
SO49186,12527,,23526,
SO49365,12530,,23529,
SO49419,12535,,23534,
SO49396,12539,,23538,
SO49347,12540,,23539,
SO49356,12541,,23540,
SO49348,12548,,23547,
SO45845,12567,,23566,
SO49338,12572,,23571,
SO49395,12573,,23572,
SO45999,12584,,23583,
SO45846,12593,,23592,
SO49275,12646,,23645,
SO49422,12649,,23648,
SO49603,12656,,23655,
SO49787,12657,,23656,
SO49819,12660,,23659,
SO49636,12666,,23665,
SO45825,12726,,23725,
SO45920,12731,,23730,
SO45922,12732,,23731,
SO46001,12807,,23806,
SO45912,12820,,23819,
SO45860,12830,,23829,
SO45898,12831,,23830,
SO45893,12843,,23842,
SO45995,12847,,23846,
SO45826,12859,,23858,
SO45953,12860,,23859,
SO46132,12866,,23865,
SO46221,12867,,23866,
SO46233,12868,,23867,
SO46240,12869,,23868,
SO49788,12993,,23992,
SO49743,12994,,23993,
SO49661,12996,,23995,
SO49684,13001,,24000,
SO49597,13002,,24001,
SO49725,13008,,24007,
SO49809,13161,,24160,
SO50140,13162,,24161,
SO50044,13163,,24162,
SO50159,13166,,24165,
SO49958,13168,,24167,
SO50002,13171,,24170,
SO50010,13172,,24171,
SO50086,13175,,24174,
SO50127,13177,,24176,
SO50141,13180,,24179,
SO46187,13236,,24235,
SO49959,13242,,24241,
SO50077,13245,,24244,
SO50078,13252,,24251,
SO50359,13275,,24274,
SO46122,13285,,24284,
SO50576,13301,,24300,
SO50360,13302,,24301,
SO50639,13304,,24303,
SO50640,13308,,24307,
SO46270,13310,,24309,
SO46142,13311,,24310,
SO46219,13333,,24332,
SO46171,13343,,24342,
SO46220,13345,,24344,
SO50423,13361,,24360,
SO50492,13363,,24362,
SO50616,13367,,24366,
SO50625,13368,,24367,
SO50431,13372,,24371,
SO50657,13379,,24378,
SO46510,13387,,24386,
SO46511,13393,,24392,
SO46513,13419,,24418,
SO46468,13432,,24431,
SO50459,13459,,24458,
SO50536,13463,,24462,
SO50771,13469,,24468,
SO50772,13477,,24476,
SO50881,13481,,24480,
SO50913,13482,,24481,
SO50769,13485,,24484,
SO46520,13492,,24491,
SO46412,13494,,24493,
SO46425,13497,,24496,
SO46590,13502,,24501,
SO50859,13503,,24502,
SO50978,13504,,24503,
SO50927,13505,,24504,
SO50902,13507,,24506,
SO50903,13587,,24586,
SO50851,13597,,24596,
SO50834,13599,,24598,
SO51061,13605,,24604,
SO50936,13606,,24605,
SO46545,13647,,24646,
SO46411,13662,,24661,
SO46592,13665,,24664,
SO46489,13667,,24666,
SO46530,13672,,24671,
SO46576,13758,,24757,
SO46491,13760,,24759,
SO46829,13787,,24786,
SO46849,13961,,24960,
SO46717,14049,,25048,
SO46878,14062,,25061,
SO46801,14095,,25094,
SO47095,14096,,25095,
SO47111,14101,,25100,
SO47341,14105,,25104,
SO43717,14250,,25249,
SO43827,14251,,25250,
SO43779,14253,,25252,
SO43929,14271,,25270,
SO43982,14272,,25271,
SO44037,14273,,25272,
SO44060,14274,,25273,
SO47073,14288,,25287,
SO43940,14295,,25294,
SO47106,14362,,25361,
SO47151,14364,,25363,
SO47305,14394,,25393,
SO44007,14556,,25555,
SO44245,14557,,25556,
SO44265,14558,,25557,
SO44151,14559,,25558,
SO44266,14560,,25559,
SO44456,14561,,25560,
SO44471,14562,,25561,
SO44367,14563,,25562,
SO44409,14564,,25563,
SO44665,14565,,25564,
SO44698,14566,,25565,
SO44675,14567,,25566,
SO44642,14568,,25567,
SO44943,14569,,25568,
SO45037,14705,,25704,
SO45014,14706,,25705,
SO44926,14707,,25706,
SO44944,14708,,25707,
SO44986,14709,,25708,
SO44955,14710,,25709,
SO44945,14711,,25710,
SO45183,14712,,25711,
SO45258,14713,,25712,
SO45111,14714,,25713,
SO45163,14715,,25714,
SO45243,14716,,25715,
SO45247,14717,,25716,
SO45184,14718,,25717,
SO45448,14719,,25718,
SO45465,14820,,25819,
SO45495,14822,,25821,
SO45460,14823,,25822,
SO45439,14824,,25823,
SO45652,14827,,25826,
SO45661,14828,,25827,
SO45584,14829,,25828,
SO45675,14830,,25829,
SO45607,14831,,25830,
SO45591,14832,,25831,
SO45820,14833,,25832,
SO43790,14858,,25857,
SO43730,14862,,25861,
SO43699,14864,,25863,
SO47157,14865,,25864,
SO43789,14866,,25865,
SO43814,14867,,25866,
SO44066,14868,,25867,
SO44038,14869,,25868,
SO43990,14873,,25872,
SO47223,14876,,25875,
SO44018,14877,,25876,
SO44047,14879,,25878,
SO44208,14880,,25879,
SO47203,14884,,25883,
SO44229,14887,,25886,
SO44156,14888,,25887,
SO44179,14889,,25888,
SO44186,14890,,25889,
SO44480,14892,,25891,
SO47190,14893,,25892,
SO44336,14896,,25895,
SO44396,14902,,25901,
SO44378,14904,,25903,
SO44341,14906,,25905,
SO44708,14910,,25909,
SO44725,14911,,25910,
SO44648,14917,,25916,
SO44573,14918,,25917,
SO45998,14919,,25918,
SO45871,14920,,25919,
SO45945,14921,,25920,
SO45965,14922,,25921,
SO46303,14923,,25922,
SO44649,14925,,25924,
SO46158,14927,,25926,
SO46119,14928,,25927,
SO46153,14929,,25928,
SO46202,14936,,25935,
SO46168,14937,,25936,
SO46178,14938,,25937,
SO46310,14939,,25938,
SO46478,14940,,25939,
SO46527,14941,,25940,
SO46507,14942,,25941,
SO44669,14943,,25942,
SO44894,14944,,25943,
SO46474,14945,,25944,
SO46563,14946,,25945,
SO46589,14947,,25946,
SO46457,14948,,25947,
SO46556,14949,,25948,
SO46421,14950,,25949,
SO44895,14952,,25951,
SO44834,14953,,25952,
SO44952,14956,,25955,
SO46754,14959,,25958,
SO46882,14961,,25960,
SO46699,14962,,25961,
SO45026,14963,,25962,
SO44896,14965,,25964,
SO44910,14970,,25969,
SO44996,14971,,25970,
SO44820,14973,,25972,
SO44827,14974,,25973,
SO44963,14975,,25974,
SO44821,14976,,25975,
SO44911,14977,,25976,
SO45089,14978,,25977,
SO45161,14979,,25978,
SO45131,14980,,25979,
SO45150,14981,,25980,
SO47558,14982,,25981,
SO45218,14983,,25982,
SO45115,14985,,25984,
SO45132,14986,,25985,
SO45388,14987,,25986,
SO45406,14988,,25987,
SO45446,14991,,25990,
SO45501,14994,,25993,
SO45373,14995,,25994,
SO48693,14996,,25995,
SO45513,14997,,25996,
SO45647,14998,,25997,
SO45686,14999,,25998,
SO45750,15002,,26001,
SO45778,15003,,26002,
SO45659,15004,,26003,
SO45665,15005,,26004,
SO45687,15006,,26005,
SO45633,15012,,26011,
SO45870,15013,,26012,
SO48941,15014,,26013,
SO45913,15015,,26014,
SO45847,15016,,26015,
SO45936,15017,,26016,
SO45974,15019,,26018,
SO46729,15020,,26019,
SO46768,15021,,26020,
SO46888,15022,,26021,
SO46918,15023,,26022,
SO46755,15024,,26023,
SO47153,15025,,26024,
SO47347,15026,,26025,
SO47336,15028,,26027,
SO47348,15029,,26028,
SO47303,15030,,26029,
SO47144,15034,,26033,
SO48924,15041,,26040,
SO45821,15042,,26041,
SO45886,15043,,26042,
SO45837,15051,,26050,
SO45955,15056,,26055,
SO46157,15057,,26056,
SO46281,15058,,26057,
SO46282,15059,,26058,
SO46273,15061,,26060,
SO46197,15062,,26061,
SO46290,15067,,26066,
SO46274,15071,,26070,
SO46261,15076,,26075,
SO46151,15083,,26082,
SO46316,15084,,26083,
SO46320,15085,,26084,
SO46198,15090,,26089,
SO46143,15091,,26090,
SO46207,15092,,26091,
SO46283,15094,,26093,
SO46144,15095,,26094,
SO46560,15097,,26096,
SO46550,15098,,26097,
SO46601,15099,,26098,
SO46533,15107,,26106,
SO46426,15108,,26107,
SO46476,15111,,26110,
SO46524,15112,,26111,
SO46452,15113,,26112,
SO46480,15115,,26114,
SO49559,15116,,26115,
SO46516,15117,,26116,
SO47145,15132,,26131,
SO47154,15134,,26133,
SO47099,15135,,26134,
SO47593,15136,,26135,
SO47657,15139,,26138,
SO47611,15141,,26140,
SO47636,15143,,26142,
SO47534,15149,,26148,
SO47626,15151,,26150,
SO47468,15153,,26152,
SO47519,15154,,26153,
SO47594,15155,,26154,
SO47823,15161,,26160,
SO47808,15162,,26161,
SO47777,15163,,26162,
SO47738,15166,,26165,
SO47942,15168,,26167,
SO47809,15188,,26187,
SO47927,15189,,26188,
SO47959,15190,,26189,
SO47869,15191,,26190,
SO47954,15192,,26191,
SO47936,15193,,26192,
SO47810,15205,,26204,
SO50366,15295,,26294,
SO47770,15376,,26375,
SO48197,15423,,26422,
SO48236,15424,,26423,
SO48276,15430,,26429,
SO48158,15434,,26433,
SO48263,15436,,26435,
SO48124,15437,,26436,
SO48264,15438,,26437,
SO48164,15439,,26438,
SO48114,15440,,26439,
SO48196,15441,,26440,
SO48115,15443,,26442,
SO48190,15444,,26443,
SO48226,15445,,26444,
SO48204,15446,,26445,
SO48474,15448,,26447,
SO48625,15548,,26547,
SO48674,15549,,26548,
SO48691,15550,,26549,
SO48533,15561,,26560,
SO48560,15562,,26561,
SO48561,15563,,26562,
SO48729,15564,,26563,
SO48502,15567,,26566,
SO48492,15568,,26567,
SO48587,15569,,26568,
SO48588,15570,,26569,
SO48626,15571,,26570,
SO48577,15572,,26571,
SO48419,15586,,26585,
SO48485,15588,,26587,
SO48876,15589,,26588,
SO49023,15590,,26589,
SO48949,15592,,26591,
SO43836,15621,,26620,
SO44005,15630,,26629,
SO44436,15631,,26630,
SO44466,15641,,26640,
SO44721,15644,,26643,
SO48986,15652,,26651,
SO48857,15653,,26652,
SO48903,15654,,26653,
SO49024,15655,,26654,
SO48987,15656,,26655,
SO48973,15657,,26656,
SO48877,15658,,26657,
SO48919,15659,,26658,
SO49008,15661,,26660,
SO48998,15662,,26661,
SO49198,15663,,26662,
SO49371,15664,,26663,
SO49423,15667,,26666,
SO49199,15668,,26667,
SO49351,15674,,26673,
SO44588,15684,,26683,
SO44855,15693,,26692,
SO49424,15741,,26740,
SO49311,15744,,26743,
SO49180,15745,,26744,
SO49398,15746,,26745,
SO49257,15747,,26746,
SO49322,15748,,26747,
SO49289,15749,,26748,
SO49216,15750,,26749,
SO49773,15751,,26750,
SO49738,15752,,26751,
SO49556,15753,,26752,
SO49557,15754,,26753,
SO49749,15755,,26754,
SO49750,15758,,26757,
SO49790,15759,,26758,
SO49679,15761,,26760,
SO49715,15762,,26761,
SO49662,15764,,26763,
SO49574,15765,,26764,
SO49663,15768,,26767,
SO49644,15769,,26768,
SO49727,15775,,26774,
SO45081,15783,,26782,
SO45384,15790,,26789,
SO50177,15796,,26795,
SO50003,15797,,26796,
SO50068,15798,,26797,
SO49935,15917,,26916,
SO50112,15918,,26917,
SO50162,15919,,26918,
SO50150,15920,,26919,
SO50142,15921,,26920,
SO49961,15922,,26921,
SO50188,15923,,26922,
SO50067,15924,,26923,
SO50045,15925,,26924,
SO50151,15968,,26967,
SO46397,16015,,27014,
SO46407,16027,,27026,
SO47135,16028,,27027,
SO47207,16044,,27043,
SO47560,16054,,27053,
SO47632,16061,,27060,
SO47641,16063,,27062,
SO47498,16072,,27071,
SO47610,16076,,27075,
SO47906,16083,,27082,
SO47735,16085,,27084,
SO48259,16086,,27085,
SO48260,16100,,27099,
SO48261,16102,,27101,
SO48267,16103,,27102,
SO48680,16243,,27242,
SO48712,16253,,27252,
SO48713,16254,,27253,
SO48618,16260,,27259,
SO48446,16266,,27265,
SO49318,16268,,27267,
SO49761,16271,,27270,
SO49742,16286,,27285,
SO49776,16298,,27297,
SO49770,16299,,27298,
SO50106,16300,,27299,
SO49923,16339,,27338,
SO50358,16340,,27339,
SO50526,16341,,27340,
SO50537,16342,,27341,
SO50506,16343,,27342,
SO50468,16347,,27346,
SO50469,16349,,27348,
SO50460,16353,,27352,
SO50383,16354,,27353,
SO50482,16355,,27354,
SO50461,16356,,27355,
SO50637,16357,,27356,
SO50575,16360,,27359,
SO50656,16363,,27362,
SO50549,16366,,27365,
SO50507,16367,,27366,
SO50470,16371,,27370,
SO50384,16372,,27371,
SO49777,16405,,27404,
SO50024,16407,,27406,
SO50147,16430,,27429,
SO50614,16470,,27469,
SO51000,16471,,27470,
SO50992,16472,,27471,
SO50993,16473,,27472,
SO50882,16474,,27473,
SO50810,16484,,27483,
SO50914,16485,,27484,
SO50994,16486,,27485,
SO51035,16487,,27486,
SO50774,16488,,27487,
SO50794,16489,,27488,
SO50795,16490,,27489,
SO50796,16491,,27490,
SO50915,16493,,27492,
SO50811,16494,,27493,
SO51062,16495,,27494,
SO50812,16499,,27498,
SO50824,16500,,27499,
SO51063,16501,,27500,
SO50622,16537,,27536,
SO50623,16546,,27545,
SO50653,16551,,27550,
SO50394,16558,,27557,
SO50592,16561,,27560,
SO43733,16578,,27577,
SO43762,16579,,27578,
SO43713,16602,,27601,
SO50973,16603,,27602,
SO43734,16605,,27604,
SO43828,16606,,27605,
SO43711,16607,,27606,
SO43829,16612,,27611,
SO43719,16613,,27612,
SO50830,16614,,27613,
SO43770,16615,,27614,
SO43795,16616,,27615,
SO43707,16617,,27616,
SO43754,16618,,27617,
SO43706,16622,,27621,
SO43747,16624,,27623,
SO43748,16626,,27625,
SO43749,16637,,27636,
SO43838,16642,,27641,
SO43702,16646,,27645,
SO43758,16647,,27646,
SO43768,16650,,27649,
SO43820,16652,,27651,
SO43812,16663,,27662,
SO43821,16664,,27663,
SO43728,16667,,27666,
SO43784,16668,,27667,
SO43718,16669,,27668,
SO43822,16670,,27669,
SO43755,16671,,27670,
SO43741,16672,,27671,
SO45491,16673,,27672,
SO43839,16674,,27673,
SO44008,16679,,27678,
SO43994,16682,,27681,
SO43949,16727,,27726,
SO45457,16753,,27752,
SO44009,16760,,27759,
SO44014,16918,,27917,
SO44000,16919,,27918,
SO44061,16920,,27919,
SO43996,16921,,27920,
SO45431,17014,,28013,
SO43950,17015,,28014,
SO43983,17018,,28017,
SO43923,17019,,28018,
SO43997,17023,,28022,
SO43978,17031,,28030,
SO43961,17032,,28031,
SO45360,17037,,28036,
SO43930,17039,,28038,
SO43973,17040,,28039,
SO43967,17041,,28040,
SO44062,17042,,28041,
SO43987,17043,,28042,
SO44001,17045,,28044,
SO43999,17048,,28047,
SO45514,17052,,28051,
SO44004,17062,,28061,
SO44065,17063,,28062,
SO43976,17064,,28063,
SO44046,17065,,28064,
SO43936,17066,,28065,
SO43920,17067,,28066,
SO43968,17068,,28067,
SO43957,17069,,28068,
SO43986,17071,,28070,
SO43969,17072,,28071,
SO43962,17077,,28076,
SO44017,17079,,28078,
SO43989,17084,,28083,
SO44164,17089,,28088,
SO45415,17093,,28092,
SO44197,17097,,28096,
SO44178,17098,,28097,
SO44253,17100,,28099,
SO44171,17113,,28112,
SO45429,17130,,28129,
SO45436,17131,,28130,
SO44155,17132,,28131,
SO44254,17143,,28142,
SO44143,17146,,28145,
SO44273,17148,,28147,
SO44217,17149,,28148,
SO44203,17150,,28149,
SO44198,17151,,28150,
SO44274,17153,,28152,
SO44211,17155,,28154,
SO44241,17156,,28155,
SO44135,17157,,28156,
SO44183,17159,,28158,
SO44202,17160,,28159,
SO45416,17162,,28161,
SO44207,17163,,28162,
SO44242,17164,,28163,
SO44193,17165,,28164,
SO45424,17166,,28165,
SO44224,17167,,28166,
SO44250,17168,,28167,
SO44153,17169,,28168,
SO45437,17170,,28169,
SO44212,17171,,28170,
SO44259,17172,,28171,
SO44148,17173,,28172,
SO45502,17174,,28173,
SO45430,17177,,28176,
SO45470,17178,,28177,
SO45378,17179,,28178,
SO44169,17180,,28179,
SO44215,17181,,28180,
SO44154,17182,,28181,
SO44159,17183,,28182,
SO44170,17184,,28183,
SO44234,17185,,28184,
SO44162,17186,,28185,
SO44160,17187,,28186,
SO44251,17191,,28190,
SO44236,17192,,28191,
SO44163,17194,,28193,
SO44260,17195,,28194,
SO44457,17197,,28196,
SO45411,17198,,28197,
SO45422,17199,,28198,
SO44330,17200,,28199,
SO44345,17201,,28200,
SO44404,17222,,28221,
SO44321,17223,,28222,
SO44410,17224,,28223,
SO44405,17225,,28224,
SO44377,17235,,28234,
SO44399,17241,,28240,
SO44349,17244,,28243,
SO44350,17245,,28244,
SO44394,17247,,28246,
SO44458,17248,,28247,
SO44369,17251,,28250,
SO44473,17256,,28255,
SO44331,17258,,28257,
SO44362,17260,,28259,
SO44448,17265,,28264,
SO44383,17269,,28268,
SO44433,17271,,28270,
SO44351,17272,,28271,
SO44334,17274,,28273,
SO44363,17286,,28285,
SO44459,17289,,28288,
SO44449,17294,,28293,
SO44450,17295,,28294,
SO44451,17296,,28295,
SO44384,17297,,28296,
SO44352,17298,,28297,
SO44385,17299,,28298,
SO44406,17300,,28299,
SO44395,17340,,28339,
SO44414,17341,,28340,
SO45497,17355,,28354,
SO44415,17356,,28355,
SO44428,17363,,28362,
SO45379,17364,,28363,
SO43698,17390,,28389,
SO43813,17391,,28390,
SO43834,17394,,28393,
SO44045,17395,,28394,
SO44069,17396,,28395,
SO44227,17402,,28401,
SO44652,17408,,28407,
SO44691,17415,,28414,
SO44848,17419,,28418,
SO45158,17420,,28419,
SO45205,17421,,28420,
SO45357,17444,,28443,
SO45372,17450,,28449,
SO45644,17459,,28458,
SO45622,17471,,28470,
SO45730,17472,,28471,
SO45654,17479,,28478,
SO46264,17492,,28491,
SO46183,17493,,28492,
SO46508,17505,,28504,
SO44435,17574,,28573,
SO45498,17575,,28574,
SO44434,17581,,28580,
SO44429,17584,,28583,
SO44411,17585,,28584,
SO44423,17587,,28586,
SO44386,17588,,28587,
SO44400,17589,,28588,
SO44327,17599,,28598,
SO44706,17619,,28618,
SO44654,17620,,28619,
SO45417,17621,,28620,
SO44668,17622,,28621,
SO45450,17625,,28624,
SO44720,17626,,28625,
SO45499,17627,,28626,
SO44587,17628,,28627,
SO44613,17629,,28628,
SO44631,17630,,28629,
SO45353,17631,,28630,
SO44674,17636,,28635,
SO44684,17644,,28643,
SO44637,17645,,28644,
SO44593,17646,,28645,
SO45461,17647,,28646,
SO45462,17648,,28647,
SO45346,17649,,28648,
SO44707,17650,,28649,
SO44614,17651,,28650,
SO44638,17652,,28651,
SO45650,17653,,28652,
SO44578,17654,,28653,
SO44615,17655,,28654,
SO44616,17656,,28655,
SO45582,17657,,28656,
SO44714,17658,,28657,
SO44625,17659,,28658,
SO46893,17660,,28659,
SO44576,17661,,28660,
SO44731,17662,,28661,
SO44579,17663,,28662,
SO46724,17664,,28663,
SO44572,17665,,28664,
SO44724,17666,,28665,
SO44617,17667,,28666,
SO44577,17668,,28667,
SO44692,17671,,28670,
SO44584,17672,,28671,
SO44605,17673,,28672,
SO44735,17674,,28673,
SO44710,17675,,28674,
SO44612,17676,,28675,
SO44693,17677,,28676,
SO44705,17679,,28678,
SO44592,17762,,28761,
SO44666,17764,,28763,
SO44630,17766,,28765,
SO46741,17767,,28766,
SO44700,17770,,28769,
SO44647,17771,,28770,
SO44606,17773,,28772,
SO44607,17775,,28774,
SO44660,17776,,28775,
SO45355,17779,,28778,
SO44585,17791,,28790,
SO44599,17793,,28792,
SO44586,17795,,28794,
SO44667,17796,,28795,
SO44682,17798,,28797,
SO47306,17799,,28798,
SO44683,17800,,28799,
SO47092,17803,,28802,
SO44832,17805,,28804,
SO44994,17806,,28805,
SO44878,17808,,28807,
SO44970,17821,,28820,
SO44887,17822,,28821,
SO45034,17823,,28822,
SO44975,17824,,28823,
SO44976,17825,,28824,
SO44839,17826,,28825,
SO45017,17827,,28826,
SO44818,17828,,28827,
SO44873,17829,,28828,
SO44804,17830,,28829,
SO44924,17831,,28830,
SO44962,17832,,28831,
SO44879,17834,,28833,
SO47237,17835,,28834,
SO44950,17836,,28835,
SO47215,17837,,28836,
SO44888,17839,,28838,
SO45035,17840,,28839,
SO44909,17841,,28840,
SO44995,17842,,28841,
SO44833,17843,,28842,
SO44951,17844,,28843,
SO45005,17845,,28844,
SO44845,17846,,28845,
SO45036,17847,,28846,
SO44891,17848,,28847,
SO44931,17850,,28849,
SO47110,17851,,28850,
SO44938,17852,,28851,
SO44868,17853,,28852,
SO44819,17854,,28853,
SO44989,17855,,28854,
SO44893,17857,,28856,
SO44840,17858,,28857,
SO44953,17860,,28859,
SO45010,17870,,28869,
SO44997,17871,,28870,
SO45027,17872,,28871,
SO44912,17967,,28966,
SO44812,17989,,28988,
SO44971,17990,,28989,
SO44954,17991,,28990,
SO44939,17994,,28993,
SO44828,17998,,28997,
SO44854,18005,,29004,
SO44984,18009,,29008,
SO44977,18011,,29010,
SO44805,18012,,29011,
SO44972,18017,,29016,
SO44919,18018,,29017,
SO44959,18020,,29019,
SO44908,18033,,29032,
SO44936,18045,,29044,
SO44875,18049,,29048,
SO44876,18057,,29056,
SO44843,18059,,29058,
SO45003,18060,,29059,
SO44961,18061,,29060,
SO45025,18071,,29070,
SO45004,18107,,29106,
SO44886,18109,,29108,
SO44930,18111,,29110,
SO44872,18112,,29111,
SO44810,18127,,29126,
SO44852,18129,,29128,
SO44982,18133,,29132,
SO44877,18137,,29136,
SO45033,18139,,29138,
SO44844,18140,,29139,
SO45103,18141,,29140,
SO45113,18142,,29141,
SO45104,18143,,29142,
SO45084,18144,,29143,
SO45217,18145,,29144,
SO45189,18146,,29145,
SO45114,18147,,29146,
SO45235,18148,,29147,
SO45200,18149,,29148,
SO47572,18150,,29149,
SO45260,18151,,29150,
SO45097,18152,,29151,
SO45240,18156,,29155,
SO45207,18157,,29156,
SO45173,18158,,29157,
SO45127,18159,,29158,
SO47913,18160,,29159,
SO45133,18164,,29163,
SO45147,18167,,29166,
SO45098,18168,,29167,
SO45201,18169,,29168,
SO45121,18170,,29169,
SO45090,18171,,29170,
SO45099,18175,,29174,
SO45261,18176,,29175,
SO45174,18199,,29198,
SO45209,18202,,29201,
SO45151,18203,,29202,
SO45241,18204,,29203,
SO45116,18205,,29204,
SO45220,18208,,29207,
SO45215,18209,,29208,
SO45194,18222,,29221,
SO45141,18223,,29222,
SO45242,18224,,29223,
SO45259,18226,,29225,
SO45122,18237,,29236,
SO45253,18238,,29237,
SO45175,18239,,29238,
SO45210,18240,,29239,
SO45230,18243,,29242,
SO45254,18253,,29252,
SO45176,18255,,29254,
SO45079,18256,,29255,
SO45255,18259,,29258,
SO45216,18262,,29261,
SO45135,18265,,29264,
SO45262,18266,,29265,
SO45102,18275,,29274,
SO45107,18276,,29275,
SO45152,18277,,29276,
SO45143,18279,,29278,
SO45451,18280,,29279,
SO45471,18281,,29280,
SO47929,18282,,29281,
SO45407,18286,,29285,
SO45408,18327,,29326,
SO45438,18335,,29334,
SO45442,18336,,29335,
SO45496,18341,,29340,
SO45443,18351,,29350,
SO45395,18353,,29352,
SO45478,18355,,29354,
SO43787,18386,,29385,
SO44479,18392,,29391,
SO44393,18399,,29398,
SO44376,18400,,29399,
SO44598,18401,,29400,
SO44704,18404,,29403,
SO44723,18411,,29410,
SO44571,18449,,29448,
SO44646,18450,,29449,
SO44918,18467,,29466,
SO44831,18468,,29467,
SO44949,18475,,29474,
SO45024,18476,,29475,
SO45199,18477,,29476,
SO45427,18482,,29481,
